Offer Code,Offer Name,Offer Description,Offer Status,Offer Type,Activity,PL Account,BS Account,Budget Name,Offer Creation Date,Offer Approval Date,Offer Start Date Active,Offer End Date Active,Fiscal Qtr Start,Fiscal Qtr End,Owner Name,Owner Mgr Name,Created By,Activity Executed,Email Format,Mail Sent Flag,Email Sent Time,External Email,Customer Communication Lag,Days taken for Commitment to Customer,PR Number,PO Number,Offer Currency Code,Committed Amt,Committed Amt At Creation,Earned Amt,Paid Amt,Budget Category,Budget Currency Code,BC Committed Amt,BC Committed Amt At Creation,BC Earned Amt,BC Paid Amt,USD Committed Amt,Committed Amount at Commitment USD,USD Earned Amt,USD Paid Amt,Operating Unit,Account Type,Beneficiary Type,Account Number,Account Name,Logitech Account ID,Site Use ID,Country Desc,Cluster Desc,Market Desc,Sub Region Desc,Region Desc,Parent Code,Reason Code for Terms Change,Notes to approver on changes,Start Date On Approval Flag,Reason Code For Late Entry,Notes For Late Entry
AMR01250144SSA,FY25Q4 BR SX 802LLC 010725,Renwal on AMR11240233SSA1  for 802.LLC (Tishman Speyer) by Sal Mattioli.,ACTIVE,Special Pricing Ship From Stock Accrual,Indirect SPR - Bid Response,30403,11561,FY25Q4- NAM USCAN SPR Budget,2025-01-07,2025-01-09,2025-01-07,2025-04-12,Q4-25,Q1-26,"MARKETSTARB2B, MARKETSTARB2B","Keel, Joshua Kenneth","MARKETSTARB2B, MARKETSTARB2B",N,Detail,Y,2025-01-09 14:47:09,"logitech@tdsynnex.com,lometer@logitech.com,rcook1@logitech.com,dstokes@logitechsales.com,smattioli@logitech.com",,0.0,,,USD,762105.7,762105.7,13840.09,13627.42,Sell Through Allowance - Promo,USD,762105.7,762105.7,13840.09,13627.42,762105.7,762105.7,13840.09,13627.42,North America OU,T1,T2,38266,TD SYNNEX CORPORATION,A10978669,103887.0,United States,United States Cluster,United States Markets,North America Region,America,,,,,,
AMR02250075SSA1,FY25Q4_DR0001141342_A11664275_TECHNOLOGY PURCHASING PARTNERS LLC_00040296_AMR02250075SSA_TC_2,"Changes to existing offer (AMR02250075SSA) DR0001141342 from TECHNOLOGY PURCHASING PARTNERS, LLC for end customer American Honda Motor by Dan Hegerman Bundles Requested:- TAPMSTBASEASU ",ACTIVE,Special Pricing Ship From Stock Accrual,Indirect SPR - Pricing Grid Deal Registration,30403,11561,FY25Q4 to FY26Q2- NAM USCAN Deal Reg. Budget,2025-02-11,,2025-02-03,2025-08-03,Q4-25,Q2-26,"MARKETSTARB2B, MARKETSTARB2B","Keel, Joshua Kenneth","MARKETSTARB2B, MARKETSTARB2B",N,Detail,Y,2025-02-11 13:24:02,"pmurphy1@logitech.com,daniel.hegerman@logitechsales.com,dstokes@logitech.com,sfdcocrmoffer@logitech.com,logitechteam@ingrammicro.com,rbarbosa@logitech.com",,,,,USD,3697.86,3697.86,7242.34,6503.89,Sell Through Allowance - Promo,USD,3697.86,3697.86,7242.34,6503.89,3697.86,3697.86,7242.34,6503.89,North America OU,T1,T2,1255,INGRAM MICRO,A11664275,103691.0,United States,United States Cluster,United States Markets,North America Region,America,,,,,,
AMR03250167SSA,FY25Q4 BR IM Hayats 030425,BR for Hayats per Tyler Campbell,ACTIVE,Special Pricing Ship From Stock Accrual,Indirect SPR - EOL/Closeout,30403,11561,FY25Q4- NAM USCAN SPR Budget,2025-03-05,2025-03-05,2025-03-04,2025-04-12,Q4-25,Q1-26,"MARKETSTARB2B, MARKETSTARB2B","Keel, Joshua Kenneth","MARKETSTARB2B, MARKETSTARB2B",N,Detail,Y,2025-03-05 12:24:43,"LogitechTeam@ingrammicro.com,rbarbosa@logitech.com,robert.hagerson@ingrammicro.com,tyler.campbell@logitechsales.com",,0.0,,,USD,258894.9,258894.9,202159.62,191336.58,Sell Through Allowance - Promo,USD,258894.9,258894.9,202159.62,191336.58,258894.9,258894.9,202159.62,191336.58,North America OU,T1,T2,1255,INGRAM MICRO,A11664275,103691.0,United States,United States Cluster,United States Markets,North America Region,America,,,,,,
AMR03250308STO,FY26Q1 NAM Xsellerator Promo Program IR Ingram Micro-VC & Core (excluded Amazon & CDW),FY26Q1 NAM Xsellerator Promo Program IR 4/1 to 4/12/2025 Ingram Micro-VC & Core (excluded Amazon & CDW),ACTIVE,LOGI Sell Through/PLA Offers,Sell Through Promotion (No Cap),30403,11561,FY26Q1- NAM USCAN SPR Budget,2025-03-28,2025-04-02,2025-04-01,2025-04-12,Q1-26,Q1-26,"Barbosa, Ricardo","Lynch, Jennifer","Leal, Viviana Erandi",N,Summary,Y,2025-04-02 15:22:28,"logitechteam@ingrammicro.com,robert.hagerson@ingrammicro.com,biddesk@logitechsales.com,lometer@logitech.com",,0.0,,,USD,59455.0,59455.0,26298.0,23516.0,Sell Through Allowance - Promo,USD,59455.0,59455.0,26298.0,23516.0,59455.0,59455.0,26298.0,23516.0,North America OU,T1,T2,1255,INGRAM MICRO,A11664275,103691.0,United States,United States Cluster,United States Markets,North America Region,America,,,,N,Other,-
AMR03250312STO,FY26Q1 NAM Xsellerator Promo Program IR Synnex-VC & Core (excluded Amazon & CDW),FY26Q1 NAM Xsellerator Promo Program IR 4/1 to 4/12/2025 Synnex -VC & Core (excluded Amazon & CDW),ACTIVE,LOGI Sell Through/PLA Offers,Sell Through Promotion (No Cap),30403,11561,FY26Q1- NAM USCAN SPR Budget,2025-03-28,2025-04-02,2025-04-01,2025-04-12,Q1-26,Q1-26,"Cook, Robert Joseph","Lynch, Jennifer","Leal, Viviana Erandi",N,Summary,Y,2025-04-02 15:22:28,"jason.ison@tdsynnex.com,logitech@tdsynnex.com,joiem@tdsynnex.com,jennifer.ryerson@tdsynnex.com,lometer@logitech.com,biddesk@logitechsales.com,karen.babb@tdsynnex.com",,0.0,,,USD,28302.0,28302.0,18377.0,18102.0,Sell Through Allowance - Promo,USD,28302.0,28302.0,18377.0,18102.0,28302.0,28302.0,18377.0,18102.0,North America OU,T1,T2,38266,TD SYNNEX CORPORATION,A10978669,103887.0,United States,United States Cluster,United States Markets,North America Region,America,,,,N,Other,-
AMR03250321SSA,FY25Q4 EOL/EX IM Thrifty 030725,"EOL/EXCESS request Thrifty Nickel  per Tyler Campbell ",ACTIVE,Special Pricing Ship From Stock Accrual,Indirect SPR - EOL/Closeout,30403,11561,FY25Q4- NAM USCAN SPR Budget,2025-03-07,2025-03-10,2025-03-07,2025-04-12,Q4-25,Q1-26,"MARKETSTARB2B, MARKETSTARB2B","Keel, Joshua Kenneth","MARKETSTARB2B, MARKETSTARB2B",N,Detail,Y,2025-03-10 12:35:11,"LogitechTeam@ingrammicro.com,rbarbosa@logitech.com,robert.hagerson@ingrammicro.com,tyler.campbell@logitechsales.com",,0.0,,,USD,507300.4,507300.4,398341.54,397808.98,Sell Through Allowance - Promo,USD,507300.4,507300.4,398341.54,397808.98,507300.4,507300.4,398341.54,397808.98,North America OU,T1,T2,1255,INGRAM MICRO,A11664275,103691.0,United States,United States Cluster,United States Markets,North America Region,America,,,,,,
AMR03250322SSA,FY25Q4 EOL/EX IM Thrifty 030725a,"Copy of EOL/EXCESS request Thrifty Nickel  per Tyler Campbell ",ACTIVE,Special Pricing Ship From Stock Accrual,Indirect SPR - EOL/Closeout,30403,11561,FY25Q4- NAM USCAN SPR Budget,2025-03-07,2025-03-07,2025-03-07,2025-04-12,Q4-25,Q1-26,"MARKETSTARB2B, MARKETSTARB2B","Keel, Joshua Kenneth","MARKETSTARB2B, MARKETSTARB2B",N,Detail,Y,2025-03-07 16:21:11,"LogitechTeam@ingrammicro.com,rbarbosa@logitech.com,robert.hagerson@ingrammicro.com,tyler.campbell@logitechsales.com",,0.0,,,USD,36671.0,36671.0,28097.6,27555.44,Sell Through Allowance - Promo,USD,36671.0,36671.0,28097.6,27555.44,36671.0,36671.0,28097.6,27555.44,North America OU,T1,T2,1255,INGRAM MICRO,A11664275,103691.0,United States,United States Cluster,United States Markets,North America Region,America,,,,,,
AMR03250849SSA,FY25Q4 EOL/EX IM Thrifty 030725a,"EOL/EXCESS request Thrifty Nickel  per Tyler Campbell 5% margins ",ACTIVE,Special Pricing Ship From Stock Accrual,Indirect SPR - EOL/Closeout,30403,11561,FY25Q4- NAM USCAN SPR Budget,2025-03-17,2025-03-19,2025-03-07,2025-04-12,Q4-25,Q1-26,"MARKETSTARB2B, MARKETSTARB2B","Keel, Joshua Kenneth","MARKETSTARB2B, MARKETSTARB2B",N,Detail,Y,2025-03-19 15:58:20,"LogitechTeam@ingrammicro.com,rbarbosa@logitech.com,robert.hagerson@ingrammicro.com,lometer@logitech.com,tyler.campbell@Logitechsales.com",,0.0,,,USD,8648.0,8648.0,5361.76,5059.08,Sell Through Allowance - Promo,USD,8648.0,8648.0,5361.76,5059.08,8648.0,8648.0,5361.76,5059.08,North America OU,T1,T2,1255,INGRAM MICRO,A11664275,103691.0,United States,United States Cluster,United States Markets,North America Region,America,,,,,,
AMR03251425SSA,FY25Q4 BR IM SHI 032625,"NEW SKU requested for SHI (JPMC) by Drew Eich/Alex Farkas. (based on Global30) ",ACTIVE,Special Pricing Ship From Stock Accrual,Indirect SPR - Bid Response,30403,11561,FY25Q4- NAM USCAN SPR Budget,2025-03-26,2025-03-27,2025-03-25,2025-04-12,Q4-25,Q1-26,"MARKETSTARB2B, MARKETSTARB2B","Keel, Joshua Kenneth","MARKETSTARB2B, MARKETSTARB2B",N,Detail,Y,2025-03-27 11:54:47,"logitechteam@ingrammicro.com,rbarbosa@logitech.com,robert.hagerson@ingrammicro.com,lometer@logitech.com,aeich@logitech.com,afarkas@logitech.com",,0.0,,,USD,4270.0,4270.0,3416.0,2732.8,Sell Through Allowance - Promo,USD,4270.0,4270.0,3416.0,2732.8,4270.0,4270.0,3416.0,2732.8,North America OU,T1,T2,1255,INGRAM MICRO,A11664275,103691.0,United States,United States Cluster,United States Markets,North America Region,America,,,,,,
AMR04250120STO,INGRAM MICRO MILITARY PROGRAM DISCOUNT LIST - PLA/ FY26Q,"INGRAM MICRO MILITARY PROGRAM DISCOUNT LIST - PLA/ FY26Q ",ACTIVE,LOGI Sell Through/PLA Offers,Sell Through Allowance - PLA,30015,11563,FY26Q1-FY26Q4 - NAM USCAN PLA Budget,2025-04-08,2025-04-11,2025-04-13,2025-06-27,Q1-26,Q1-26,"MARKETSTARB2B, MARKETSTARB2B","Keel, Joshua Kenneth","Du, Cathy Bich-Thi",N,Detail,Y,2025-04-11 15:04:53,"LogitechTeam@ingrammicro.com,robert.hagerson@ingrammicro.com,biddesk@logitechsales.com,rbarbosa@logitech.com,lometer@logitech.com",,0.0,,,USD,499000.0,499000.0,89597.23,,Sell Through Allowance - PLA,USD,499000.0,499000.0,89597.23,,499000.0,499000.0,89597.23,,North America OU,T1,T2,1255,INGRAM MICRO,A11664275,103691.0,United States,United States Cluster,United States Markets,North America Region,America,,,,N,,
AMR04250154STO,TD SYNNEX PREMIER PARTNER_FY26Q1,TD SYNNEX PREMIER PARTNER_FY26Q1,ACTIVE,LOGI Sell Through/PLA Offers,Sell Through Allowance - PLA,30015,11563,FY26Q1-FY26Q4 - NAM USCAN PLA Budget,2025-04-08,2025-04-11,2025-04-13,2025-06-27,Q1-26,Q1-26,"MARKETSTARB2B, MARKETSTARB2B","Keel, Joshua Kenneth","Du, Cathy Bich-Thi",N,Detail,Y,2025-04-11 15:35:54,"jason.ison@tdsynnex.com,logitech@tdsynnex.com,joiem@tdsynnex.com,Jennifer.Ryerson@tdsynnex.com,karen.babb@tdsynnex.com,lometer@logitech.com,biddesk@logitechsales.com,rcook1@logitech.com",,0.0,,,USD,999000.0,999000.0,37154.8,,Sell Through Allowance - PLA,USD,999000.0,999000.0,37154.8,,999000.0,999000.0,37154.8,,North America OU,T1,T2,38266,TD SYNNEX CORPORATION,A10978669,103887.0,United States,United States Cluster,United States Markets,North America Region,America,,,,N,,
AMR04250176STO,INGRAM MICRO PREMIER PARTNER FY26Q1,"INGRAM MICRO PREMIER PARTNER FY26Q1 ",ACTIVE,LOGI Sell Through/PLA Offers,Sell Through Allowance - PLA,30015,11563,FY26Q1-FY26Q4 - NAM USCAN PLA Budget,2025-04-09,2025-04-09,2025-04-13,2025-06-27,Q1-26,Q1-26,"MARKETSTARB2B, MARKETSTARB2B","Keel, Joshua Kenneth","Du, Cathy Bich-Thi",N,Detail,Y,2025-04-09 19:04:11,"LogitechTeam@ingrammicro.com,robert.hagerson@ingrammicro.com,biddesk@logitechsales.com,rbarbosa@logitech.com,lometer@logitech.com",,0.0,,,USD,100000.0,100000.0,29686.04,,Sell Through Allowance - PLA,USD,100000.0,100000.0,29686.04,,100000.0,100000.0,29686.04,,North America OU,T1,T2,1255,INGRAM MICRO,A11664275,103691.0,United States,United States Cluster,United States Markets,North America Region,America,,,,N,,
AMR04250179STO,TD SYNNEX ELITE PARTNER_FY26Q1,"TD SYNNEX ELITE PARTNER_FY26Q1 ",ACTIVE,LOGI Sell Through/PLA Offers,Sell Through Allowance - PLA,30015,11563,FY26Q1-FY26Q4 - NAM USCAN PLA Budget,2025-04-09,2025-04-11,2025-04-13,2025-06-27,Q1-26,Q1-26,"MARKETSTARB2B, MARKETSTARB2B","Keel, Joshua Kenneth","Du, Cathy Bich-Thi",N,Detail,Y,2025-04-11 15:35:54,"jason.ison@tdsynnex.com,logitech@tdsynnex.com,joiem@tdsynnex.com,Jennifer.Ryerson@tdsynnex.com,karen.babb@tdsynnex.com,lometer@logitech.com,biddesk@logitechsales.com,rcook1@logitech.com",,0.0,,,USD,999000.0,999000.0,9244.85,,Sell Through Allowance - PLA,USD,999000.0,999000.0,9244.85,,999000.0,999000.0,9244.85,,North America OU,T1,T2,38266,TD SYNNEX CORPORATION,A10978669,103887.0,United States,United States Cluster,United States Markets,North America Region,America,,,,N,,
AMR04250212STO,TD SYNNEX PREMIER + SPECIALIZATION PARTNER_FY26Q1,"TD SYNNEX PREMIER + SPECIALIZATION PARTNER_FY26Q1 ",ACTIVE,LOGI Sell Through/PLA Offers,Sell Through Allowance - PLA,30015,11563,FY26Q1-FY26Q4 - NAM USCAN PLA Budget,2025-04-09,2025-04-11,2025-04-13,2025-06-27,Q1-26,Q1-26,"MARKETSTARB2B, MARKETSTARB2B","Keel, Joshua Kenneth","Du, Cathy Bich-Thi",N,Detail,Y,2025-04-11 15:35:54,"jason.ison@tdsynnex.com,logitech@tdsynnex.com,joiem@tdsynnex.com,Jennifer.Ryerson@tdsynnex.com,karen.babb@tdsynnex.com,lometer@logitech.com,biddesk@logitechsales.com,rcook1@logitech.com",,0.0,,,USD,999000.0,999000.0,10559.7,,Sell Through Allowance - PLA,USD,999000.0,999000.0,10559.7,,999000.0,999000.0,10559.7,,North America OU,T1,T2,38266,TD SYNNEX CORPORATION,A10978669,103887.0,United States,United States Cluster,United States Markets,North America Region,America,,,,N,,
AMR04250225STO,INGRAM MICRO PRINCIPAL PARTNER_FY26Q1,"INGRAM MICRO PRINCIPAL PARTNER_FY26Q1 ",ACTIVE,LOGI Sell Through/PLA Offers,Sell Through Allowance - PLA,30015,11563,FY26Q1-FY26Q4 - NAM USCAN PLA Budget,2025-04-09,2025-04-11,2025-04-13,2025-06-27,Q1-26,Q1-26,"MARKETSTARB2B, MARKETSTARB2B","Keel, Joshua Kenneth","Du, Cathy Bich-Thi",N,Detail,Y,2025-04-11 15:35:54,"LogitechTeam@ingrammicro.com,robert.hagerson@ingrammicro.com,biddesk@logitechsales.com,rbarbosa@logitech.com,lometer@logitech.com",,0.0,,,USD,999000.0,999000.0,1327582.18,530.57,Sell Through Allowance - PLA,USD,999000.0,999000.0,1327582.18,530.57,999000.0,999000.0,1327582.18,530.57,North America OU,T1,T2,1255,INGRAM MICRO,A11664275,103691.0,United States,United States Cluster,United States Markets,North America Region,America,,,,N,,
AMR04250232STO,TD SYNNEX ELITE + SPECIALIZATION PARTNER_FY26Q1,"TD SYNNEX ELITE + SPECIALIZATION PARTNER_FY26Q1 ",ACTIVE,LOGI Sell Through/PLA Offers,Sell Through Allowance - PLA,30015,11563,FY26Q1-FY26Q4 - NAM USCAN PLA Budget,2025-04-09,2025-04-11,2025-04-13,2025-06-27,Q1-26,Q1-26,"MARKETSTARB2B, MARKETSTARB2B","Keel, Joshua Kenneth","Du, Cathy Bich-Thi",N,Detail,Y,2025-04-11 15:35:54,"jason.ison@tdsynnex.com,logitech@tdsynnex.com,joiem@tdsynnex.com,Jennifer.Ryerson@tdsynnex.com,karen.babb@tdsynnex.com,lometer@logitech.com,biddesk@logitechsales.com,rcook1@logitech.com",,0.0,,,USD,999000.0,999000.0,30055.87,,Sell Through Allowance - PLA,USD,999000.0,999000.0,30055.87,,999000.0,999000.0,30055.87,,North America OU,T1,T2,38266,TD SYNNEX CORPORATION,A10978669,103887.0,United States,United States Cluster,United States Markets,North America Region,America,,,,N,,
AMR04250271STO,INGRAM MICRO ELITE + SPECIALIZATION PARTNER_FY26Q1,"INGRAM MICRO ELITE + SPECIALIZATION PARTNER_FY26Q1 ",ACTIVE,LOGI Sell Through/PLA Offers,Sell Through Allowance - PLA,30015,11563,FY26Q1-FY26Q4 - NAM USCAN PLA Budget,2025-04-09,2025-04-11,2025-04-13,2025-06-27,Q1-26,Q1-26,"MARKETSTARB2B, MARKETSTARB2B","Keel, Joshua Kenneth","Du, Cathy Bich-Thi",N,Detail,Y,2025-04-11 15:04:53,"LogitechTeam@ingrammicro.com,robert.hagerson@ingrammicro.com,biddesk@logitechsales.com,rbarbosa@logitech.com,lometer@logitech.com",,0.0,,,USD,999000.0,999000.0,44761.79,9687.9,Sell Through Allowance - PLA,USD,999000.0,999000.0,44761.79,9687.9,999000.0,999000.0,44761.79,9687.9,North America OU,T1,T2,1255,INGRAM MICRO,A11664275,103691.0,United States,United States Cluster,United States Markets,North America Region,America,,,,N,,
AMR04250298STO,INGRAM MICRO PRINCIPAL + SPECIALIZATION PARTNER_FY26Q1,"INGRAM MICRO PRINCIPAL + SPECIALIZATION PARTNER_FY26Q1 ",ACTIVE,LOGI Sell Through/PLA Offers,Sell Through Allowance - PLA,30015,11563,FY26Q1-FY26Q4 - NAM USCAN PLA Budget,2025-04-09,2025-04-11,2025-04-13,2025-06-27,Q1-26,Q1-26,"MARKETSTARB2B, MARKETSTARB2B","Keel, Joshua Kenneth","Du, Cathy Bich-Thi",N,Detail,Y,2025-04-11 15:04:53,"LogitechTeam@ingrammicro.com,robert.hagerson@ingrammicro.com,biddesk@logitechsales.com,rbarbosa@logitech.com,lometer@logitech.com",,0.0,,,USD,999000.0,999000.0,95171.1,,Sell Through Allowance - PLA,USD,999000.0,999000.0,95171.1,,999000.0,999000.0,95171.1,,North America OU,T1,T2,1255,INGRAM MICRO,A11664275,103691.0,United States,United States Cluster,United States Markets,North America Region,America,,,,N,,
AMR04250321STO,INGRAM MICRO EDU-OEM-OSS PARTNER_FY26Q1,"INGRAM MICRO EDU-OEM-OSS PARTNER_FY26Q1 ",ACTIVE,LOGI Sell Through/PLA Offers,Sell Through Allowance - PLA,30015,11563,FY26Q1-FY26Q4 - NAM USCAN PLA Budget,2025-04-09,2025-04-22,2025-04-13,2025-06-27,Q1-26,Q1-26,"MARKETSTARB2B, MARKETSTARB2B","Keel, Joshua Kenneth","Du, Cathy Bich-Thi",N,Detail,Y,2025-04-22 22:05:02,"LogitechTeam@ingrammicro.com,robert.hagerson@ingrammicro.com,biddesk@logitechsales.com,rbarbosa@logitech.com,lometer@logitech.com",,0.0,,,USD,100000.0,100000.0,112558.9,,Sell Through Allowance - PLA,USD,100000.0,100000.0,112558.9,,100000.0,100000.0,112558.9,,North America OU,T1,T2,1255,INGRAM MICRO,A11664275,103691.0,United States,United States Cluster,United States Markets,North America Region,America,,,,N,,
AMR04250417STO,TD SYNNEX_BEST BUY B2B_VC_FY26Q1,TD SYNNEX_BEST BUY B2B_VC_FY26Q1,ACTIVE,LOGI Sell Through/PLA Offers,Sell Through Allowance - PLA,30015,11563,FY26Q1-FY26Q4 - NAM USCAN PLA Budget,2025-04-14,2025-04-15,2025-04-13,2025-06-27,Q1-26,Q1-26,"MARKETSTARB2B, MARKETSTARB2B","Keel, Joshua Kenneth","Du, Cathy Bich-Thi",N,Detail,Y,2025-04-15 20:08:17,"jason.ison@tdsynnex.com,logitech@tdsynnex.com,joiem@tdsynnex.com,jennifer.ryerson@tdsynnex.com,karen.babb@tdsynnex.com,lometer@logitech.com,biddesk@logitechsales.com,rcook1@logitech.com",,0.0,,,USD,200000.0,200000.0,1501.52,,Sell Through Allowance - PLA,USD,200000.0,200000.0,1501.52,,200000.0,200000.0,1501.52,,North America OU,T1,T2,38266,TD SYNNEX CORPORATION,A10978669,103887.0,United States,United States Cluster,United States Markets,North America Region,America,,,,N,Other,other
AMR04250502SSA,BR DR Renewal AMR01250212SSA,AMR01250212SSA BR Renewal Matching Landed STP NOT RENEWABLE OR EXTENDABLE WITHOUT APPROVAL,ACTIVE,Special Pricing Ship From Stock Accrual,Indirect SPR - Pricing Grid Deal Registration,30403,11561,FY26Q1 to FY26Q3- NAM USCAN Deal Reg. Budget (4-13-2025 One Time Exception),2025-04-09,,2025-04-13,2025-05-25,Q1-26,Q1-26,"MARKETSTARB2B, MARKETSTARB2B","Keel, Joshua Kenneth","Stokes, Daniel",N,Detail,Y,2025-04-09 15:26:23,"logitechteam@ingrammicro.com,rbarbosa@logitech.com,robert.hagerson@ingrammicro.com,lometer@logitech.com",,,,,USD,4848.08,4848.08,718.46,,Sell Through Allowance - Promo,USD,4848.08,4848.08,718.46,,4848.08,4848.08,718.46,,North America OU,T1,T2,1255,INGRAM MICRO,A11664275,103691.0,United States,United States Cluster,United States Markets,North America Region,America,,,,,,
AMR04250546SSA,BR DR Renewal AMR01250703SSA,AMR01250703SSA BR Renewal Matching Landed STP NOT RENEWABLE OR EXTENDABLE WITHOUT APPROVAL,ACTIVE,Special Pricing Ship From Stock Accrual,Indirect SPR - Pricing Grid Deal Registration,30403,11561,FY26Q1 to FY26Q3- NAM USCAN Deal Reg. Budget (4-13-2025 One Time Exception),2025-04-09,,2025-04-13,2025-07-15,Q1-26,Q2-26,"MARKETSTARB2B, MARKETSTARB2B","Keel, Joshua Kenneth","Stokes, Daniel",N,Detail,Y,2025-04-09 15:26:23,"logitechteam@ingrammicro.com,rbarbosa@logitech.com,robert.hagerson@ingrammicro.com,lometer@logitech.com",,,,,USD,13634.0,13634.0,485.64,,Sell Through Allowance - Promo,USD,13634.0,13634.0,485.64,,13634.0,13634.0,485.64,,North America OU,T1,T2,1255,INGRAM MICRO,A11664275,103691.0,United States,United States Cluster,United States Markets,North America Region,America,,,,,,
AMR04250737SSA,BR DR Renewal AMR02250396SSA,AMR02250396SSA BR Renewal Matching Landed STP NOT RENEWABLE OR EXTENDABLE WITHOUT APPROVAL,ACTIVE,Special Pricing Ship From Stock Accrual,Indirect SPR - Pricing Grid Deal Registration,30403,11561,FY26Q1 to FY26Q3- NAM USCAN Deal Reg. Budget (4-13-2025 One Time Exception),2025-04-09,,2025-04-13,2025-04-24,Q1-26,Q1-26,"MARKETSTARB2B, MARKETSTARB2B","Keel, Joshua Kenneth","Stokes, Daniel",N,Detail,Y,2025-04-09 16:30:03,"logitechteam@ingrammicro.com,rbarbosa@logitech.com,robert.hagerson@ingrammicro.com,lometer@logitech.com",,,,,USD,12884.9,12884.9,679.63,,Sell Through Allowance - Promo,USD,12884.9,12884.9,679.63,,12884.9,12884.9,679.63,,North America OU,T1,T2,1255,INGRAM MICRO,A11664275,103691.0,United States,United States Cluster,United States Markets,North America Region,America,,,,,,
AMR04250796SSA,BR DR Renewal AMR02250833SSA,AMR02250833SSA BR Renewal Matching Landed STP NOT RENEWABLE OR EXTENDABLE WITHOUT APPROVAL,ACTIVE,Special Pricing Ship From Stock Accrual,Indirect SPR - Pricing Grid Deal Registration,30403,11561,FY26Q1 to FY26Q3- NAM USCAN Deal Reg. Budget (4-13-2025 One Time Exception),2025-04-09,,2025-04-13,2025-07-24,Q1-26,Q2-26,"MARKETSTARB2B, MARKETSTARB2B","Keel, Joshua Kenneth","Stokes, Daniel",N,Detail,Y,2025-04-09 16:30:03,"logitechteam@ingrammicro.com,rbarbosa@logitech.com,robert.hagerson@ingrammicro.com,lometer@logitech.com",,,,,USD,213041.65,213041.65,1078.23,,Sell Through Allowance - Promo,USD,213041.65,213041.65,1078.23,,213041.65,213041.65,1078.23,,North America OU,T1,T2,1255,INGRAM MICRO,A11664275,103691.0,United States,United States Cluster,United States Markets,North America Region,America,,,,,,
AMR04250819SSA,BR DR Renewal AMR02251019SSA,AMR02251019SSA BR Renewal Matching Landed STP NOT RENEWABLE OR EXTENDABLE WITHOUT APPROVAL,ACTIVE,Special Pricing Ship From Stock Accrual,Indirect SPR - Pricing Grid Deal Registration,30403,11561,FY26Q1 to FY26Q3- NAM USCAN Deal Reg. Budget (4-13-2025 One Time Exception),2025-04-09,,2025-04-13,2025-08-18,Q1-26,Q2-26,"MARKETSTARB2B, MARKETSTARB2B","Keel, Joshua Kenneth","Stokes, Daniel",N,Detail,Y,2025-04-09 16:30:03,"logitechteam@ingrammicro.com,rbarbosa@logitech.com,robert.hagerson@ingrammicro.com,lometer@logitech.com",,,,,USD,51589.05,51589.05,2072.9,,Sell Through Allowance - Promo,USD,51589.05,51589.05,2072.9,,51589.05,51589.05,2072.9,,North America OU,T1,T2,1255,INGRAM MICRO,A11664275,103691.0,United States,United States Cluster,United States Markets,North America Region,America,,,,,,
AMR04250822SSA,BR DR Renewal AMR02251031SSA,AMR02251031SSA BR Renewal Matching Landed STP NOT RENEWABLE OR EXTENDABLE WITHOUT APPROVAL,ACTIVE,Special Pricing Ship From Stock Accrual,Indirect SPR - Pricing Grid Deal Registration,30403,11561,FY26Q1 to FY26Q3- NAM USCAN Deal Reg. Budget (4-13-2025 One Time Exception),2025-04-09,,2025-04-13,2025-08-18,Q1-26,Q2-26,"MARKETSTARB2B, MARKETSTARB2B","Keel, Joshua Kenneth","Stokes, Daniel",N,Detail,Y,2025-04-09 16:30:03,"logitechteam@ingrammicro.com,rbarbosa@logitech.com,robert.hagerson@ingrammicro.com,lometer@logitech.com",,,,,USD,148061.17,148061.17,243.36,,Sell Through Allowance - Promo,USD,148061.17,148061.17,243.36,,148061.17,148061.17,243.36,,North America OU,T1,T2,1255,INGRAM MICRO,A11664275,103691.0,United States,United States Cluster,United States Markets,North America Region,America,,,,,,
AMR04250827SSA,BR DR Renewal AMR02251049SSA,AMR02251049SSA BR Renewal Matching Landed STP NOT RENEWABLE OR EXTENDABLE WITHOUT APPROVAL,ACTIVE,Special Pricing Ship From Stock Accrual,Indirect SPR - Pricing Grid Deal Registration,30403,11561,FY26Q1 to FY26Q3- NAM USCAN Deal Reg. Budget (4-13-2025 One Time Exception),2025-04-09,,2025-04-13,2025-04-29,Q1-26,Q1-26,"MARKETSTARB2B, MARKETSTARB2B","Keel, Joshua Kenneth","Stokes, Daniel",N,Detail,Y,2025-04-09 16:30:03,"logitechteam@ingrammicro.com,rbarbosa@logitech.com,robert.hagerson@ingrammicro.com,lometer@logitech.com",,,,,USD,4167.1,4167.1,732.4,,Sell Through Allowance - Promo,USD,4167.1,4167.1,732.4,,4167.1,4167.1,732.4,,North America OU,T1,T2,1255,INGRAM MICRO,A11664275,103691.0,United States,United States Cluster,United States Markets,North America Region,America,,,,,,
AMR04250866SSA,BR DR Renewal AMR02251060SSA2,AMR02251060SSA2 BR Renewal Matching Landed STP NOT RENEWABLE OR EXTENDABLE WITHOUT APPROVAL,ACTIVE,Special Pricing Ship From Stock Accrual,Indirect SPR - Pricing Grid Deal Registration,30403,11561,FY26Q1 to FY26Q3- NAM USCAN Deal Reg. Budget (4-13-2025 One Time Exception),2025-04-09,,2025-04-13,2025-08-19,Q1-26,Q2-26,"MARKETSTARB2B, MARKETSTARB2B","Keel, Joshua Kenneth","Stokes, Daniel",N,Detail,Y,2025-04-09 16:30:03,"logitechteam@ingrammicro.com,rbarbosa@logitech.com,robert.hagerson@ingrammicro.com,lometer@logitech.com",,,,,USD,20628.94,20628.94,7020.84,248.76,Sell Through Allowance - Promo,USD,20628.94,20628.94,7020.84,248.76,20628.94,20628.94,7020.84,248.76,North America OU,T1,T2,1255,INGRAM MICRO,A11664275,103691.0,United States,United States Cluster,United States Markets,North America Region,America,,,,,,
AMR04250978SSA,BR DR Renewal AMR02251374SSA1,AMR02251374SSA1 BR Renewal Matching Landed STP NOT RENEWABLE OR EXTENDABLE WITHOUT APPROVAL,ACTIVE,Special Pricing Ship From Stock Accrual,Indirect SPR - Pricing Grid Deal Registration,30403,11561,FY26Q1 to FY26Q3- NAM USCAN Deal Reg. Budget (4-13-2025 One Time Exception),2025-04-10,,2025-04-13,2025-05-14,Q1-26,Q1-26,"MARKETSTARB2B, MARKETSTARB2B","Keel, Joshua Kenneth","Stokes, Daniel",N,Detail,Y,2025-04-10 08:21:05,"logitechteam@ingrammicro.com,rbarbosa@logitech.com,robert.hagerson@ingrammicro.com,lometer@logitech.com",,,,,USD,9970.61,9970.61,3519.02,,Sell Through Allowance - Promo,USD,9970.61,9970.61,3519.02,,9970.61,9970.61,3519.02,,North America OU,T1,T2,1255,INGRAM MICRO,A11664275,103691.0,United States,United States Cluster,United States Markets,North America Region,America,,,,,,
AMR04250994SSA,BR DR Renewal AMR03250539SSA,AMR03250539SSA BR Renewal Matching Landed STP NOT RENEWABLE OR EXTENDABLE WITHOUT APPROVAL,ACTIVE,Special Pricing Ship From Stock Accrual,Indirect SPR - Pricing Grid Deal Registration,30403,11561,FY26Q1 to FY26Q3- NAM USCAN Deal Reg. Budget (4-13-2025 One Time Exception),2025-04-10,,2025-04-13,2025-09-04,Q1-26,Q2-26,"MARKETSTARB2B, MARKETSTARB2B","Keel, Joshua Kenneth","Stokes, Daniel",N,Detail,Y,2025-04-10 08:52:42,"logitechteam@ingrammicro.com,rbarbosa@logitech.com,robert.hagerson@ingrammicro.com,lometer@logitech.com",,,,,USD,247675.75,247675.75,3424.73,,Sell Through Allowance - Promo,USD,247675.75,247675.75,3424.73,,247675.75,247675.75,3424.73,,North America OU,T1,T2,1255,INGRAM MICRO,A11664275,103691.0,United States,United States Cluster,United States Markets,North America Region,America,,,,,,
AMR04251022SSA,BR DR Renewal AMR03250758SSA,AMR03250758SSA BR Renewal Matching Landed STP NOT RENEWABLE OR EXTENDABLE WITHOUT APPROVAL,ACTIVE,Special Pricing Ship From Stock Accrual,Indirect SPR - Pricing Grid Deal Registration,30403,11561,FY26Q1 to FY26Q3- NAM USCAN Deal Reg. Budget (4-13-2025 One Time Exception),2025-04-10,,2025-04-13,2025-09-12,Q1-26,Q2-26,"MARKETSTARB2B, MARKETSTARB2B","Keel, Joshua Kenneth","Stokes, Daniel",N,Detail,Y,2025-04-10 08:52:42,"logitechteam@ingrammicro.com,rbarbosa@logitech.com,robert.hagerson@ingrammicro.com,lometer@logitech.com",,,,,USD,3963.66,3963.66,875.58,,Sell Through Allowance - Promo,USD,3963.66,3963.66,875.58,,3963.66,3963.66,875.58,,North America OU,T1,T2,1255,INGRAM MICRO,A11664275,103691.0,United States,United States Cluster,United States Markets,North America Region,America,,,,,,
AMR04251088SSA,BR DR Renewal AMR03250791SSA1,AMR03250791SSA1 BR Renewal Matching Landed STP NOT RENEWABLE OR EXTENDABLE WITHOUT APPROVAL,ACTIVE,Special Pricing Ship From Stock Accrual,Indirect SPR - Pricing Grid Deal Registration,30403,11561,FY26Q1 to FY26Q3- NAM USCAN Deal Reg. Budget (4-13-2025 One Time Exception),2025-04-10,,2025-04-13,2025-08-03,Q1-26,Q2-26,"MARKETSTARB2B, MARKETSTARB2B","Keel, Joshua Kenneth","Stokes, Daniel",N,Detail,Y,2025-04-10 08:52:42,"logitechteam@ingrammicro.com,rbarbosa@logitech.com,robert.hagerson@ingrammicro.com,lometer@logitech.com",,,,,USD,12537.84,12537.84,4003.68,,Sell Through Allowance - Promo,USD,12537.84,12537.84,4003.68,,12537.84,12537.84,4003.68,,North America OU,T1,T2,1255,INGRAM MICRO,A11664275,103691.0,United States,United States Cluster,United States Markets,North America Region,America,,,,,,
AMR04251103SSA,BR DR Renewal AMR03251153SSA,AMR03251153SSA BR Renewal Matching Landed STP NOT RENEWABLE OR EXTENDABLE WITHOUT APPROVAL,ACTIVE,Special Pricing Ship From Stock Accrual,Indirect SPR - Pricing Grid Deal Registration,30403,11561,FY26Q1 to FY26Q3- NAM USCAN Deal Reg. Budget (4-13-2025 One Time Exception),2025-04-10,,2025-04-13,2025-04-28,Q1-26,Q1-26,"MARKETSTARB2B, MARKETSTARB2B","Keel, Joshua Kenneth","Stokes, Daniel",N,Detail,Y,2025-04-10 09:55:18,"logitechteam@ingrammicro.com,rbarbosa@logitech.com,robert.hagerson@ingrammicro.com,lometer@logitech.com",,,,,USD,152914.6,152914.6,644.12,,Sell Through Allowance - Promo,USD,152914.6,152914.6,644.12,,152914.6,152914.6,644.12,,North America OU,T1,T2,1255,INGRAM MICRO,A11664275,103691.0,United States,United States Cluster,United States Markets,North America Region,America,,,,,,
AMR04251126SSA,BR DR Renewal AMR03251340SSA,AMR03251340SSA BR Renewal Matching Landed STP NOT RENEWABLE OR EXTENDABLE WITHOUT APPROVAL,ACTIVE,Special Pricing Ship From Stock Accrual,Indirect SPR - Pricing Grid Deal Registration,30403,11561,FY26Q1 to FY26Q3- NAM USCAN Deal Reg. Budget (4-13-2025 One Time Exception),2025-04-10,,2025-04-13,2025-07-03,Q1-26,Q2-26,"MARKETSTARB2B, MARKETSTARB2B","Keel, Joshua Kenneth","Stokes, Daniel",N,Detail,Y,2025-04-10 09:55:18,"logitechteam@ingrammicro.com,rbarbosa@logitech.com,robert.hagerson@ingrammicro.com,lometer@logitech.com",,,,,USD,18270.6,18270.6,418.84,,Sell Through Allowance - Promo,USD,18270.6,18270.6,418.84,,18270.6,18270.6,418.84,,North America OU,T1,T2,1255,INGRAM MICRO,A11664275,103691.0,United States,United States Cluster,United States Markets,North America Region,America,,,,,,
AMR04251185SSA,BR DR Renewal AMR04250080SSA,AMR04250080SSA BR Renewal Matching Landed STP NOT RENEWABLE OR EXTENDABLE WITHOUT APPROVAL,ACTIVE,Special Pricing Ship From Stock Accrual,Indirect SPR - Pricing Grid Deal Registration,30403,11561,FY26Q1 to FY26Q3- NAM USCAN Deal Reg. Budget (4-13-2025 One Time Exception),2025-04-10,,2025-04-13,2025-05-21,Q1-26,Q1-26,"MARKETSTARB2B, MARKETSTARB2B","Keel, Joshua Kenneth","Stokes, Daniel",N,Detail,Y,2025-04-10 09:55:18,"logitechteam@ingrammicro.com,rbarbosa@logitech.com,robert.hagerson@ingrammicro.com,lometer@logitech.com",,,,,USD,80305.0,80305.0,964.31,,Sell Through Allowance - Promo,USD,80305.0,80305.0,964.31,,80305.0,80305.0,964.31,,North America OU,T1,T2,1255,INGRAM MICRO,A11664275,103691.0,United States,United States Cluster,United States Markets,North America Region,America,,,,,,
AMR04251324SSA,BR DR Renewal AMR11240383SSA,AMR11240383SSA BR Renewal Matching Landed STP NOT RENEWABLE OR EXTENDABLE WITHOUT APPROVAL,ACTIVE,Special Pricing Ship From Stock Accrual,Indirect SPR - Pricing Grid Deal Registration,30403,11561,FY26Q1 to FY26Q3- NAM USCAN Deal Reg. Budget (4-13-2025 One Time Exception),2025-04-10,,2025-04-13,2025-05-07,Q1-26,Q1-26,"MARKETSTARB2B, MARKETSTARB2B","Keel, Joshua Kenneth","Stokes, Daniel",N,Detail,Y,2025-04-10 10:27:09,"logitechteam@ingrammicro.com,rbarbosa@logitech.com,robert.hagerson@ingrammicro.com,lometer@logitech.com",,,,,USD,24276.55,24276.55,1418.14,,Sell Through Allowance - Promo,USD,24276.55,24276.55,1418.14,,24276.55,24276.55,1418.14,,North America OU,T1,T2,1255,INGRAM MICRO,A11664275,103691.0,United States,United States Cluster,United States Markets,North America Region,America,,,,,,
AMR04251424SSA,BR DR Renewal AMR11241112SSA,AMR11241112SSA BR Renewal Matching Landed STP NOT RENEWABLE OR EXTENDABLE WITHOUT APPROVAL,ACTIVE,Special Pricing Ship From Stock Accrual,Indirect SPR - Pricing Grid Deal Registration,30403,11561,FY26Q1 to FY26Q3- NAM USCAN Deal Reg. Budget (4-13-2025 One Time Exception),2025-04-10,,2025-04-13,2025-05-19,Q1-26,Q1-26,"MARKETSTARB2B, MARKETSTARB2B","Keel, Joshua Kenneth","Stokes, Daniel",N,Detail,Y,2025-04-10 10:59:15,"logitechteam@ingrammicro.com,rbarbosa@logitech.com,robert.hagerson@ingrammicro.com,lometer@logitech.com",,,,,USD,91444.0,91444.0,846.27,,Sell Through Allowance - Promo,USD,91444.0,91444.0,846.27,,91444.0,91444.0,846.27,,North America OU,T1,T2,1255,INGRAM MICRO,A11664275,103691.0,United States,United States Cluster,United States Markets,North America Region,America,,,,,,
AMR04251459SSA,BR DR Renewal AMR12240336SSA,AMR12240336SSA BR Renewal Matching Landed STP NOT RENEWABLE OR EXTENDABLE WITHOUT APPROVAL,ACTIVE,Special Pricing Ship From Stock Accrual,Indirect SPR - Pricing Grid Deal Registration,30403,11561,FY26Q1 to FY26Q3- NAM USCAN Deal Reg. Budget (4-13-2025 One Time Exception),2025-04-10,,2025-04-13,2025-06-04,Q1-26,Q1-26,"MARKETSTARB2B, MARKETSTARB2B","Keel, Joshua Kenneth","Stokes, Daniel",N,Detail,Y,2025-04-10 10:59:15,"logitechteam@ingrammicro.com,rbarbosa@logitech.com,robert.hagerson@ingrammicro.com,lometer@logitech.com",,,,,USD,32620.0,32620.0,656.92,,Sell Through Allowance - Promo,USD,32620.0,32620.0,656.92,,32620.0,32620.0,656.92,,North America OU,T1,T2,1255,INGRAM MICRO,A11664275,103691.0,United States,United States Cluster,United States Markets,North America Region,America,,,,,,
AMR04251541SSA,BR DR Renewal AMR11241006SSA1,AMR11241006SSA1 BR Renewal Matching Landed STP NOT RENEWABLE OR EXTENDABLE WITHOUT APPROVAL,ACTIVE,Special Pricing Ship From Stock Accrual,Indirect SPR - Pricing Grid Deal Registration,30403,11561,FY26Q1 to FY26Q3- NAM USCAN Deal Reg. Budget (4-13-2025 One Time Exception),2025-04-10,,2025-04-13,2025-05-21,Q1-26,Q1-26,"MARKETSTARB2B, MARKETSTARB2B","Keel, Joshua Kenneth","Stokes, Daniel",N,Detail,Y,2025-04-10 10:59:15,"logitechteam@ingrammicro.com,rbarbosa@logitech.com,robert.hagerson@ingrammicro.com,lometer@logitech.com",,,,,USD,8977.1,8977.1,1522.86,,Sell Through Allowance - Promo,USD,8977.1,8977.1,1522.86,,8977.1,8977.1,1522.86,,North America OU,T1,T2,1255,INGRAM MICRO,A11664275,103691.0,United States,United States Cluster,United States Markets,North America Region,America,,,,,,
AMR04251764SSA,BR DR Renewal AMR01250171SSA,AMR01250171SSA BR Renewal Matching Landed STP NOT RENEWABLE OR EXTENDABLE WITHOUT APPROVAL,ACTIVE,Special Pricing Ship From Stock Accrual,Indirect SPR - Pricing Grid Deal Registration,30403,11561,FY26Q1 to FY26Q3- NAM USCAN Deal Reg. Budget (4-13-2025 One Time Exception),2025-04-13,,2025-04-13,2025-07-06,Q1-26,Q2-26,"MARKETSTARB2B, MARKETSTARB2B","Keel, Joshua Kenneth","Stokes, Daniel",N,Detail,Y,2025-04-13 07:20:53,"logitech@tdsynnex.com,lometer@logitech.com,rcook1@logitech.com",,,,,USD,6883.6,6883.6,276.88,,Sell Through Allowance - Promo,USD,6883.6,6883.6,276.88,,6883.6,6883.6,276.88,,North America OU,T1,T2,38266,TD SYNNEX CORPORATION,A10978669,103887.0,United States,United States Cluster,United States Markets,North America Region,America,,,,,,
AMR04251771SSA,BR DR Renewal AMR01250220SSA,AMR01250220SSA BR Renewal Matching Landed STP NOT RENEWABLE OR EXTENDABLE WITHOUT APPROVAL,ACTIVE,Special Pricing Ship From Stock Accrual,Indirect SPR - Pricing Grid Deal Registration,30403,11561,FY26Q1 to FY26Q3- NAM USCAN Deal Reg. Budget (4-13-2025 One Time Exception),2025-04-13,,2025-04-13,2025-07-07,Q1-26,Q2-26,"MARKETSTARB2B, MARKETSTARB2B","Keel, Joshua Kenneth","Stokes, Daniel",N,Detail,Y,2025-04-13 07:20:53,"logitech@tdsynnex.com,lometer@logitech.com,rcook1@logitech.com",,,,,USD,13133.9,13133.9,850.61,,Sell Through Allowance - Promo,USD,13133.9,13133.9,850.61,,13133.9,13133.9,850.61,,North America OU,T1,T2,38266,TD SYNNEX CORPORATION,A10978669,103887.0,United States,United States Cluster,United States Markets,North America Region,America,,,,,,
AMR04251774SSA,BR DR Renewal AMR01250230SSA,AMR01250230SSA BR Renewal Matching Landed STP NOT RENEWABLE OR EXTENDABLE WITHOUT APPROVAL,ACTIVE,Special Pricing Ship From Stock Accrual,Indirect SPR - Pricing Grid Deal Registration,30403,11561,FY26Q1 to FY26Q3- NAM USCAN Deal Reg. Budget (4-13-2025 One Time Exception),2025-04-13,,2025-04-13,2025-07-06,Q1-26,Q2-26,"MARKETSTARB2B, MARKETSTARB2B","Keel, Joshua Kenneth","Stokes, Daniel",N,Detail,Y,2025-04-13 07:20:53,"logitech@tdsynnex.com,lometer@logitech.com,rcook1@logitech.com",,,,,USD,4456.46,4456.46,319.42,,Sell Through Allowance - Promo,USD,4456.46,4456.46,319.42,,4456.46,4456.46,319.42,,North America OU,T1,T2,38266,TD SYNNEX CORPORATION,A10978669,103887.0,United States,United States Cluster,United States Markets,North America Region,America,,,,,,
AMR04251812SSA,BR DR Renewal AMR01250498SSA,AMR01250498SSA BR Renewal Matching Landed STP NOT RENEWABLE OR EXTENDABLE WITHOUT APPROVAL,ACTIVE,Special Pricing Ship From Stock Accrual,Indirect SPR - Pricing Grid Deal Registration,30403,11561,FY26Q1 to FY26Q3- NAM USCAN Deal Reg. Budget (4-13-2025 One Time Exception),2025-04-13,,2025-04-13,2025-07-13,Q1-26,Q2-26,"MARKETSTARB2B, MARKETSTARB2B","Keel, Joshua Kenneth","Stokes, Daniel",N,Detail,Y,2025-04-13 07:53:01,"logitech@tdsynnex.com,lometer@logitech.com,rcook1@logitech.com",,,,,USD,16069.96,16069.96,772.6,,Sell Through Allowance - Promo,USD,16069.96,16069.96,772.6,,16069.96,16069.96,772.6,,North America OU,T1,T2,38266,TD SYNNEX CORPORATION,A10978669,103887.0,United States,United States Cluster,United States Markets,North America Region,America,,,,,,
AMR04252654SSA,BR DR Renewal AMR03250155SSA,AMR03250155SSA BR Renewal Matching Landed STP NOT RENEWABLE OR EXTENDABLE WITHOUT APPROVAL,ACTIVE,Special Pricing Ship From Stock Accrual,Indirect SPR - Pricing Grid Deal Registration,30403,11561,FY26Q1 to FY26Q3- NAM USCAN Deal Reg. Budget (4-13-2025 One Time Exception),2025-04-13,,2025-04-13,2025-07-13,Q1-26,Q2-26,"MARKETSTARB2B, MARKETSTARB2B","Keel, Joshua Kenneth","Stokes, Daniel",N,Detail,Y,2025-04-13 09:32:35,"logitech@tdsynnex.com,lometer@logitech.com,rcook1@logitech.com",,,,,USD,16345.73,16345.73,223.38,,Sell Through Allowance - Promo,USD,16345.73,16345.73,223.38,,16345.73,16345.73,223.38,,North America OU,T1,T2,38266,TD SYNNEX CORPORATION,A10978669,103887.0,United States,United States Cluster,United States Markets,North America Region,America,,,,,,
AMR04253309SSA,BR DR Renewal AMR03251422SSA1,AMR03251422SSA1 BR Renewal Matching Landed STP NOT RENEWABLE OR EXTENDABLE WITHOUT APPROVAL,ACTIVE,Special Pricing Ship From Stock Accrual,Indirect SPR - Pricing Grid Deal Registration,30403,11561,FY26Q1 to FY26Q3- NAM USCAN Deal Reg. Budget (4-13-2025 One Time Exception),2025-04-13,,2025-04-13,2025-09-20,Q1-26,Q2-26,"MARKETSTARB2B, MARKETSTARB2B","Keel, Joshua Kenneth","Stokes, Daniel",N,Detail,Y,2025-04-13 10:39:07,"logitech@tdsynnex.com,lometer@logitech.com,rcook1@logitech.com",,,,,USD,12204.62,12204.62,3342.08,,Sell Through Allowance - Promo,USD,12204.62,12204.62,3342.08,,12204.62,12204.62,3342.08,,North America OU,T1,T2,38266,TD SYNNEX CORPORATION,A10978669,103887.0,United States,United States Cluster,United States Markets,North America Region,America,,,,,,
AMR04254132SSA,BR DR Renewal AMR12241054SSA,AMR12241054SSA BR Renewal Matching Landed STP NOT RENEWABLE OR EXTENDABLE WITHOUT APPROVAL,ACTIVE,Special Pricing Ship From Stock Accrual,Indirect SPR - Pricing Grid Deal Registration,30403,11561,FY26Q1 to FY26Q3- NAM USCAN Deal Reg. Budget (4-13-2025 One Time Exception),2025-04-13,,2025-04-13,2025-06-20,Q1-26,Q1-26,"MARKETSTARB2B, MARKETSTARB2B","Keel, Joshua Kenneth","Stokes, Daniel",N,Detail,Y,2025-04-13 12:18:36,"logitech@tdsynnex.com,lometer@logitech.com,rcook1@logitech.com",,,,,USD,30956.42,30956.42,746.18,,Sell Through Allowance - Promo,USD,30956.42,30956.42,746.18,,30956.42,30956.42,746.18,,North America OU,T1,T2,38266,TD SYNNEX CORPORATION,A10978669,103887.0,United States,United States Cluster,United States Markets,North America Region,America,,,,,,
AMR04255963SSA,Renewal AMR12240085SSA1 ANIXTER CORPORATE 041425,AMR12240085SSA1 Renewal for ANIXTER CORPORATE (JPMorgan) Matching Landed STP NOT RENEWABLE/EXTENDABLE WITHOUT APPROVAL,TERMINATED,Special Pricing Ship From Stock Accrual,Indirect SPR - Bid Response,30403,11561,FY26Q1- NAM USCAN SPR Budget(4-13-2025 One Time Exception),2025-04-14,2025-04-15,2025-04-13,2025-06-27,Q1-26,Q1-26,"MARKETSTARB2B, MARKETSTARB2B","Keel, Joshua Kenneth","Stokes, Daniel",N,Detail,Y,2025-04-15 22:10:28,"logitech@tdsynnex.com,lometer@logitech.com,rcook1@logitech.com",,0.0,,,USD,0.0,270232.3,,,Sell Through Allowance - Promo,USD,0.0,270232.3,,,0.0,270232.3,,,North America OU,T1,T2,38266,TD SYNNEX CORPORATION,A10978669,103887.0,United States,United States Cluster,United States Markets,North America Region,America,,,,,,
AMR04255971SSA,Renewal AMR01250119SSA SHI INTERNATIONAL CORP 041425,AMR01250119SSA Renewal for SHI INTERNATIONAL CORP (JPMorgan) Matching Landed STP NOT RENEWABLE/EXTENDABLE WITHOUT APPROVAL,ACTIVE,Special Pricing Ship From Stock Accrual,Indirect SPR - Bid Response,30403,11561,FY26Q1- NAM USCAN SPR Budget(4-13-2025 One Time Exception),2025-04-14,2025-04-15,2025-04-13,2025-06-27,Q1-26,Q1-26,"MARKETSTARB2B, MARKETSTARB2B","Keel, Joshua Kenneth","Stokes, Daniel",N,Detail,Y,2025-04-15 16:03:45,"logitechteam@ingrammicro.com,rbarbosa@logitech.com,robert.hagerson@ingrammicro.com,lometer@logitech.com",,0.0,,,USD,35580.0,35580.0,18833.68,,Sell Through Allowance - Promo,USD,35580.0,35580.0,18833.68,,35580.0,35580.0,18833.68,,North America OU,T1,T2,1255,INGRAM MICRO,A11664275,103691.0,United States,United States Cluster,United States Markets,North America Region,America,,,,,,
AMR04255975SSA,Renewal AMR12240301SSA SOLUTIONZ CONFERENCING 041425,AMR12240301SSA Renewal for SOLUTIONZ CONFERENCING (NBC Universal Inc) Matching Landed STP NOT RENEWABLE/EXTENDABLE WITHOUT APPROVAL,ACTIVE,Special Pricing Ship From Stock Accrual,Indirect SPR - Bid Response,30403,11561,FY26Q1- NAM USCAN SPR Budget(4-13-2025 One Time Exception),2025-04-14,2025-04-17,2025-04-13,2025-06-27,Q1-26,Q1-26,"MARKETSTARB2B, MARKETSTARB2B","Keel, Joshua Kenneth","Stokes, Daniel",N,Detail,Y,2025-04-17 12:25:32,"logitech@tdsynnex.com,lometer@logitech.com,rcook1@logitech.com",,0.0,,,USD,162332.7,162332.7,1536.69,,Sell Through Allowance - Promo,USD,162332.7,162332.7,1536.69,,162332.7,162332.7,1536.69,,North America OU,T1,T2,38266,TD SYNNEX CORPORATION,A10978669,103887.0,United States,United States Cluster,United States Markets,North America Region,America,,,,,,
AMR04256138SSA,FY26Q1 DR0001158619 SX Axelliant 041525,"(LOGI - DR0001158619) from Axelliant LLC for end customer Cathay Bank per Tyler Campbell Matching Landed STP NOT RENEWABLE OR EXTENDABLE WITHOUT APPROVAL ",ACTIVE,Special Pricing Ship From Stock Accrual,Indirect SPR - Pricing Grid Deal Registration,30403,11561,FY26Q1 to FY26Q3- NAM USCAN Deal Reg. Budget (4-13-2025 One Time Exception),2025-04-15,,2025-04-15,2025-09-17,Q1-26,Q2-26,"MARKETSTARB2B, MARKETSTARB2B","Keel, Joshua Kenneth","MARKETSTARB2B, MARKETSTARB2B",N,Detail,Y,2025-04-15 09:22:39,"logitech@tdsynnex.com,lometer@logitech.com,rcook1@logitech.com,pmilliren@logitech.com",,,,,USD,15351.0,15351.0,,,Sell Through Allowance - Promo,USD,15351.0,15351.0,,,15351.0,15351.0,,,North America OU,T1,T2,38266,TD SYNNEX CORPORATION,A10978669,103887.0,United States,United States Cluster,United States Markets,North America Region,America,,,,,,
AMR04256140SSA,FY26Q1 BR IM Colamco 041525,"exception Renewal on AMR12240452SSA1 for COLAMCO, Inc (Lockheed Martin) by Blake Bailey/Kyle Israelsen.matching old adj disti on 920-002565 - approved ",ACTIVE,Special Pricing Ship From Stock Accrual,Indirect SPR - Bid Response,30403,11561,FY26Q1- NAM USCAN SPR Budget,2025-04-15,2025-04-15,2025-04-15,2025-06-27,Q1-26,Q1-26,"MARKETSTARB2B, MARKETSTARB2B","Keel, Joshua Kenneth","MARKETSTARB2B, MARKETSTARB2B",N,Detail,Y,2025-04-15 19:37:40,"LogitechTeam@ingrammicro.com,rbarbosa@logitech.com,robert.hagerson@ingrammicro.com,kisraelsen@logitechsales.com,bbailey@logitech.com",,0.0,,,USD,102800.0,102800.0,2409.24,,Sell Through Allowance - Promo,USD,102800.0,102800.0,2409.24,,102800.0,102800.0,2409.24,,North America OU,T1,T2,1255,INGRAM MICRO,A11664275,103691.0,United States,United States Cluster,United States Markets,North America Region,America,,,,,,
AMR04256214SSA,BR DR Renewal AMR04250232SSA,AMR04250232SSA BR Renewal Matching Landed STP NOT RENEWABLE OR EXTENDABLE WITHOUT APPROVAL,ACTIVE,Special Pricing Ship From Stock Accrual,Indirect SPR - Pricing Grid Deal Registration,30403,11561,FY26Q1 to FY26Q3- NAM USCAN Deal Reg. Budget (4-13-2025 One Time Exception),2025-04-15,,2025-04-13,2025-05-13,Q1-26,Q1-26,"MARKETSTARB2B, MARKETSTARB2B","Keel, Joshua Kenneth","Stokes, Daniel",N,Detail,Y,2025-04-15 13:28:28,"logitechteam@ingrammicro.com,rbarbosa@logitech.com,robert.hagerson@ingrammicro.com,lometer@logitech.com",,,,,USD,48740.61,48740.61,266.0,,Sell Through Allowance - Promo,USD,48740.61,48740.61,266.0,,48740.61,48740.61,266.0,,North America OU,T1,T2,1255,INGRAM MICRO,A11664275,103691.0,United States,United States Cluster,United States Markets,North America Region,America,,,,,,
AMR04256290SSA,BR DR Renewal AMR04250339SSA,AMR04250339SSA BR Renewal Matching Landed STP NOT RENEWABLE OR EXTENDABLE WITHOUT APPROVAL,ACTIVE,Special Pricing Ship From Stock Accrual,Indirect SPR - Pricing Grid Deal Registration,30403,11561,FY26Q1 to FY26Q3- NAM USCAN Deal Reg. Budget (4-13-2025 One Time Exception),2025-04-15,,2025-04-13,2025-06-15,Q1-26,Q1-26,"MARKETSTARB2B, MARKETSTARB2B","Keel, Joshua Kenneth","Stokes, Daniel",N,Detail,Y,2025-04-15 13:59:36,"logitech@tdsynnex.com,lometer@logitech.com,rcook1@logitech.com",,,,,USD,7098.98,7098.98,200.65,,Sell Through Allowance - Promo,USD,7098.98,7098.98,200.65,,7098.98,7098.98,200.65,,North America OU,T1,T2,38266,TD SYNNEX CORPORATION,A10978669,103887.0,United States,United States Cluster,United States Markets,North America Region,America,,,,,,
AMR04256322SSA,BR DR Renewal AMR04250387SSA,AMR04250387SSA BR Renewal Matching Landed STP NOT RENEWABLE OR EXTENDABLE WITHOUT APPROVAL,ACTIVE,Special Pricing Ship From Stock Accrual,Indirect SPR - Pricing Grid Deal Registration,30403,11561,FY26Q1 to FY26Q3- NAM USCAN Deal Reg. Budget (4-13-2025 One Time Exception),2025-04-15,,2025-04-13,2025-10-01,Q1-26,Q3-26,"MARKETSTARB2B, MARKETSTARB2B","Keel, Joshua Kenneth","Stokes, Daniel",N,Detail,Y,2025-04-15 13:59:36,"logitechteam@ingrammicro.com,rbarbosa@logitech.com,robert.hagerson@ingrammicro.com,lometer@logitech.com",,,,,USD,48823.0,48823.0,4047.1,444.0,Sell Through Allowance - Promo,USD,48823.0,48823.0,4047.1,444.0,48823.0,48823.0,4047.1,444.0,North America OU,T1,T2,1255,INGRAM MICRO,A11664275,103691.0,United States,United States Cluster,United States Markets,North America Region,America,,,,,,
AMR04256345SSA,BR DR Renewal AMR04250430SSA,AMR04250430SSA BR Renewal Matching Landed STP NOT RENEWABLE OR EXTENDABLE WITHOUT APPROVAL,ACTIVE,Special Pricing Ship From Stock Accrual,Indirect SPR - Pricing Grid Deal Registration,30403,11561,FY26Q1 to FY26Q3- NAM USCAN Deal Reg. Budget (4-13-2025 One Time Exception),2025-04-15,,2025-04-13,2025-10-08,Q1-26,Q3-26,"MARKETSTARB2B, MARKETSTARB2B","Keel, Joshua Kenneth","Stokes, Daniel",N,Detail,Y,2025-04-15 13:59:36,"logitechteam@ingrammicro.com,rbarbosa@logitech.com,robert.hagerson@ingrammicro.com,lometer@logitech.com",,,,,USD,9328.33,9328.33,7683.22,,Sell Through Allowance - Promo,USD,9328.33,9328.33,7683.22,,9328.33,9328.33,7683.22,,North America OU,T1,T2,1255,INGRAM MICRO,A11664275,103691.0,United States,United States Cluster,United States Markets,North America Region,America,,,,,,
AMR04256349SSA,BR DR Renewal AMR04250434SSA,AMR04250434SSA BR Renewal Matching Landed STP NOT RENEWABLE OR EXTENDABLE WITHOUT APPROVAL,ACTIVE,Special Pricing Ship From Stock Accrual,Indirect SPR - Pricing Grid Deal Registration,30403,11561,FY26Q1 to FY26Q3- NAM USCAN Deal Reg. Budget (4-13-2025 One Time Exception),2025-04-15,,2025-04-13,2025-10-08,Q1-26,Q3-26,"MARKETSTARB2B, MARKETSTARB2B","Keel, Joshua Kenneth","Stokes, Daniel",N,Detail,Y,2025-04-15 13:59:36,"logitechteam@ingrammicro.com,rbarbosa@logitech.com,robert.hagerson@ingrammicro.com,lometer@logitech.com",,,,,USD,4941.99,4941.99,1647.33,,Sell Through Allowance - Promo,USD,4941.99,4941.99,1647.33,,4941.99,4941.99,1647.33,,North America OU,T1,T2,1255,INGRAM MICRO,A11664275,103691.0,United States,United States Cluster,United States Markets,North America Region,America,,,,,,
AMR04256357SSA,BR DR Renewal AMR04250442SSA,AMR04250442SSA BR Renewal Matching Landed STP NOT RENEWABLE OR EXTENDABLE WITHOUT APPROVAL,ACTIVE,Special Pricing Ship From Stock Accrual,Indirect SPR - Pricing Grid Deal Registration,30403,11561,FY26Q1 to FY26Q3- NAM USCAN Deal Reg. Budget (4-13-2025 One Time Exception),2025-04-15,,2025-04-13,2025-09-27,Q1-26,Q3-26,"MARKETSTARB2B, MARKETSTARB2B","Keel, Joshua Kenneth","Stokes, Daniel",N,Detail,Y,2025-04-15 13:59:36,"logitechteam@ingrammicro.com,rbarbosa@logitech.com,robert.hagerson@ingrammicro.com,lometer@logitech.com",,,,,USD,7854.9,7854.9,3682.91,,Sell Through Allowance - Promo,USD,7854.9,7854.9,3682.91,,7854.9,7854.9,3682.91,,North America OU,T1,T2,1255,INGRAM MICRO,A11664275,103691.0,United States,United States Cluster,United States Markets,North America Region,America,,,,,,
AMR04256371SSA,BR DR Renewal AMR04250454SSA,AMR04250454SSA BR Renewal Matching Landed STP NOT RENEWABLE OR EXTENDABLE WITHOUT APPROVAL,ACTIVE,Special Pricing Ship From Stock Accrual,Indirect SPR - Pricing Grid Deal Registration,30403,11561,FY26Q1 to FY26Q3- NAM USCAN Deal Reg. Budget (4-13-2025 One Time Exception),2025-04-15,,2025-04-13,2025-10-08,Q1-26,Q3-26,"MARKETSTARB2B, MARKETSTARB2B","Keel, Joshua Kenneth","Stokes, Daniel",N,Detail,Y,2025-04-15 14:31:15,"logitechteam@ingrammicro.com,rbarbosa@logitech.com,robert.hagerson@ingrammicro.com,lometer@logitech.com",,,,,USD,9798.94,9798.94,6338.65,,Sell Through Allowance - Promo,USD,9798.94,9798.94,6338.65,,9798.94,9798.94,6338.65,,North America OU,T1,T2,1255,INGRAM MICRO,A11664275,103691.0,United States,United States Cluster,United States Markets,North America Region,America,,,,,,
AMR04256376SSA,BR DR Renewal AMR04250459SSA,AMR04250459SSA BR Renewal Matching Landed STP NOT RENEWABLE OR EXTENDABLE WITHOUT APPROVAL,ACTIVE,Special Pricing Ship From Stock Accrual,Indirect SPR - Pricing Grid Deal Registration,30403,11561,FY26Q1 to FY26Q3- NAM USCAN Deal Reg. Budget (4-13-2025 One Time Exception),2025-04-15,,2025-04-13,2025-10-08,Q1-26,Q3-26,"MARKETSTARB2B, MARKETSTARB2B","Keel, Joshua Kenneth","Stokes, Daniel",N,Detail,Y,2025-04-15 14:31:15,"logitechteam@ingrammicro.com,rbarbosa@logitech.com,robert.hagerson@ingrammicro.com,lometer@logitech.com",,,,,USD,18575.72,18575.72,396.98,,Sell Through Allowance - Promo,USD,18575.72,18575.72,396.98,,18575.72,18575.72,396.98,,North America OU,T1,T2,1255,INGRAM MICRO,A11664275,103691.0,United States,United States Cluster,United States Markets,North America Region,America,,,,,,
AMR04256439SSA,BR DR Renewal AMR04251600SSA,AMR04251600SSA BR Renewal Matching Landed STP NOT RENEWABLE OR EXTENDABLE WITHOUT APPROVAL,ACTIVE,Special Pricing Ship From Stock Accrual,Indirect SPR - Pricing Grid Deal Registration,30403,11561,FY26Q1 to FY26Q3- NAM USCAN Deal Reg. Budget (4-13-2025 One Time Exception),2025-04-15,,2025-04-13,2025-10-10,Q1-26,Q3-26,"MARKETSTARB2B, MARKETSTARB2B","Keel, Joshua Kenneth","Stokes, Daniel",N,Detail,Y,2025-04-15 14:31:15,"logitech@tdsynnex.com,lometer@logitech.com,rcook1@logitech.com",,,,,USD,3447.5,3447.5,1970.0,,Sell Through Allowance - Promo,USD,3447.5,3447.5,1970.0,,3447.5,3447.5,1970.0,,North America OU,T1,T2,38266,TD SYNNEX CORPORATION,A10978669,103887.0,United States,United States Cluster,United States Markets,North America Region,America,,,,,,
AMR04256476SSA,BR DR Renewal AMR04251645SSA,AMR04251645SSA BR Renewal Matching Landed STP NOT RENEWABLE OR EXTENDABLE WITHOUT APPROVAL,ACTIVE,Special Pricing Ship From Stock Accrual,Indirect SPR - Pricing Grid Deal Registration,30403,11561,FY26Q1 to FY26Q3- NAM USCAN Deal Reg. Budget (4-13-2025 One Time Exception),2025-04-15,,2025-04-13,2025-10-10,Q1-26,Q3-26,"MARKETSTARB2B, MARKETSTARB2B","Keel, Joshua Kenneth","Stokes, Daniel",N,Detail,Y,2025-04-15 14:31:15,"logitechteam@ingrammicro.com,rbarbosa@logitech.com,robert.hagerson@ingrammicro.com,lometer@logitech.com",,,,,USD,26074.44,26074.44,2747.94,,Sell Through Allowance - Promo,USD,26074.44,26074.44,2747.94,,26074.44,26074.44,2747.94,,North America OU,T1,T2,1255,INGRAM MICRO,A11664275,103691.0,United States,United States Cluster,United States Markets,North America Region,America,,,,,,
AMR10240668SSA1,FY25Q3_DR0001092599_A10978669_KNITEC INC_00035138_AMR10240668SSA_TC_1,"Changes to existing offer (AMR10240668SSA) DR0001092599 from KNITEC INC for end customer Delta Dental by Tyler Campbell ",ACTIVE,Special Pricing Ship From Stock Accrual,Indirect SPR - Pricing Grid Deal Registration,30403,11561,FY25Q3 to FY26Q1- NAM USCAN Deal Reg. Budget,2024-10-29,,2024-10-15,2025-04-14,Q3-25,Q1-26,"MARKETSTARB2B, MARKETSTARB2B","Keel, Joshua Kenneth","MARKETSTARB2B, MARKETSTARB2B",N,Detail,Y,2024-10-29 10:58:00,"mking@logitech.com,dstokes@logitech.com,tyler.campbell@logitechsales.com,sfdcocrmoffer@logitech.com,logitech@tdsynnex.com,rcook1@logitech.com",,,,,USD,11500.16,11500.16,4448.56,4092.92,Sell Through Allowance - Promo,USD,11500.16,11500.16,4448.56,4092.92,11500.16,11500.16,4448.56,4092.92,North America OU,T1,T2,38266,TD SYNNEX CORPORATION,A10978669,103887.0,United States,United States Cluster,United States Markets,North America Region,America,,,,,,
AMR12240036STO,TD SYNNEX PREMIER PARTNER FY25-Q4,TD SYNNEX PREMIER PARTNER FY25-Q4,ACTIVE,LOGI Sell Through/PLA Offers,Sell Through Allowance - PLA,30015,11563,FY25Q4-FY26Q3 - NAM USCAN PLA Budget,2024-12-16,2024-12-18,2024-12-28,2025-04-12,Q4-25,Q1-26,"MARKETSTARB2B, MARKETSTARB2B","Keel, Joshua Kenneth","Du, Cathy Bich-Thi",N,Detail,Y,2024-12-18 10:08:54,"jason.ison@tdsynnex.com,logitech@tdsynnex.com,joiem@tdsynnex.com,Jennifer.Ryerson@tdsynnex.com,karen.babb@tdsynnex.com,lometer@logitech.com,biddesk@logitechsales.com,rcook1@logitech.com",,0.0,,,USD,999000.0,999000.0,182184.73,152310.38,Sell Through Allowance - PLA,USD,999000.0,999000.0,182184.73,152310.38,999000.0,999000.0,182184.73,152310.38,North America OU,T1,T2,38266,TD SYNNEX CORPORATION,A10978669,103887.0,United States,United States Cluster,United States Markets,North America Region,America,,,,N,,
AMR12240079STO,TD SYNNEX EDU-OEM-OSS PARTNER FY25-Q4,"TD SYNNEX EDU-OEM-OSS PARTNER FY25-Q4 ",ACTIVE,LOGI Sell Through/PLA Offers,Sell Through Allowance - PLA,30015,11563,FY25Q4-FY26Q3 - NAM USCAN PLA Budget,2024-12-17,2024-12-18,2024-12-28,2025-04-12,Q4-25,Q1-26,"MARKETSTARB2B, MARKETSTARB2B","Keel, Joshua Kenneth","Du, Cathy Bich-Thi",N,Detail,Y,2024-12-18 18:48:49,"jason.ison@tdsynnex.com,logitech@tdsynnex.com,joiem@tdsynnex.com,Jennifer.Ryerson@tdsynnex.com,karen.babb@tdsynnex.com,lometer@logitech.com,biddesk@logitechsales.com,rcook1@logitech.com",,0.0,,,USD,999000.0,999000.0,582361.32,558206.96,Sell Through Allowance - PLA,USD,999000.0,999000.0,582361.32,558206.96,999000.0,999000.0,582361.32,558206.96,North America OU,T1,T2,38266,TD SYNNEX CORPORATION,A10978669,103887.0,United States,United States Cluster,United States Markets,North America Region,America,,,,N,,
AMR12240399SSA,FY25Q BR IM CCS 120924,Renewal on AMR09240680SSA GLBL30 for CCS New England (Raytheon) per Todd Stenz.,ACTIVE,Special Pricing Ship From Stock Accrual,Indirect SPR - Bid Response,30403,11561,FY25Q4- NAM USCAN SPR Budget,2024-12-10,2024-12-11,2024-12-28,2025-04-12,Q4-25,Q1-26,"MARKETSTARB2B, MARKETSTARB2B","Keel, Joshua Kenneth","Hill, Reesi",N,Detail,Y,2024-12-11 11:28:03,"logitechteam@ingrammicro.com,rbarbosa@logitech.com,robert.hagerson@ingrammicro.com,lometer@logitech.com,tstenz@logitech.com",,0.0,,,USD,444098.15,444098.15,30897.06,28619.62,Sell Through Allowance - Promo,USD,444098.15,444098.15,30897.06,28619.62,444098.15,444098.15,30897.06,28619.62,North America OU,T1,T2,1255,INGRAM MICRO,A11664275,103691.0,United States,United States Cluster,United States Markets,North America Region,America,,,,,,
AMR12240452SSA1,FY25Q4 BR IM Colamco 121024a,"Add Max Quantities Renewal on AMR07240042SSA for COLAMCO, Inc (Lockheed Martin) by Blake Bailey/Kyle Israelsen.",ACTIVE,Special Pricing Ship From Stock Accrual,Indirect SPR - Bid Response,30403,11561,FY25Q4- NAM USCAN SPR Budget,2024-12-16,2024-12-16,2024-12-28,2025-04-12,Q4-25,Q1-26,"MARKETSTARB2B, MARKETSTARB2B","Keel, Joshua Kenneth","MARKETSTARB2B, MARKETSTARB2B",N,Detail,Y,2024-12-16 17:01:09,"LogitechTeam@ingrammicro.com,rbarbosa@logitech.com,robert.hagerson@ingrammicro.com,kisraelsen@logitechsales.com,bbailey@logitech.com",,0.0,,,USD,94300.0,94300.0,48017.69,47141.28,Sell Through Allowance - Promo,USD,94300.0,94300.0,48017.69,47141.28,94300.0,94300.0,48017.69,47141.28,North America OU,T1,T2,1255,INGRAM MICRO,A11664275,103691.0,United States,United States Cluster,United States Markets,North America Region,America,,,,,,